{"CGV\uac15\ub0a8": ["0056", "01"], "CGV\uac15\ubcc0": ["0001", "01"], "CGV\uac74\ub300\uc785\uad6c": ["0229", "01"], "CGV\uad6c\ub85c": ["0010", "01"], "CGV\ub300\ud559\ub85c": ["0063", "01"], "CGV\ub3d9\ub300\ubb38": ["0252", "01"], "CGV\ub4f1\ucd0c": ["0230", "01"], "CGV\uba85\ub3d9": ["0009", "01"], "CGV\uba85\ub3d9\uc5ed\uc528\ub124\ub77c\uc774\ube0c\ub7ec\ub9ac": ["0105", "01"], "CGV\ubaa9\ub3d9": ["0011", "01"], "CGV\ubbf8\uc544": ["0057", "01"], "CGV\ubd88\uad11": ["0030", "01"], "CGV\uc0c1\ubd09": ["0046", "01"], "CGV\uc131\uc2e0\uc5ec\ub300\uc785\uad6c": ["0083", "01"], "CGV\uc1a1\ud30c": ["0088", "01"], "CGV\uc218\uc720": ["0276", "01"], "CGV\uc2e0\ucd0c\uc544\ud2b8\ub808\uc628": ["0150", "01"], "CGV\uc555\uad6c\uc815": ["0040", "01"], "CGV\uc5ec\uc758\ub3c4": ["0112", "01"], "CGV\uc601\ub4f1\ud3ec": ["0059", "01"], "CGV\uc655\uc2ed\ub9ac": ["0074", "01"], "CGV\uc6a9\uc0b0\uc544\uc774\ud30c\ud06c\ubab0": ["0013", "01"], "CGV\uc911\uacc4": ["0131", "01"], "CGV\ucc9c\ud638": ["0199", "01"], "CGV\uccad\ub2f4\uc528\ub124\uc2dc\ud2f0": ["0107", "01"], "CGV\ud53c\uce74\ub514\ub9ac1958": ["0223", "01"], "CGV\ud558\uacc4": ["0164", "01"], "CGV\ud64d\ub300": ["0191", "01"], "\uc528\ub124\ub4dc\uc250\ud504\uc555\uad6c\uc815": ["P001", "01"], "\uc528\ub124\ub4dc\uc250\ud504\uc6a9\uc0b0\uc544\uc774\ud30c\ud06c\ubab0": ["P013", "01"], "CGV\uacbd\uae30\uad11\uc8fc": ["0260", "02"], "CGV\uad11\uad50\uc0c1\ud604": ["0266", "02"], "CGV\uad11\uba85\ucca0\uc0b0": ["0182", "02"], "CGV\uad6c\ub9ac": ["0232", "02"], "CGV\uae40\ud3ec": ["0177", "02"], "CGV\uae40\ud3ec\uc6b4\uc591": ["0188", "02"], "CGV\uae40\ud3ec\ud48d\ubb34": ["0126", "02"], "CGV\ub3d9\ubc31": ["0124", "02"], "CGV\ub3d9\uc218\uc6d0": ["0041", "02"], "CGV\ub3d9\ud0c4": ["0106", "02"], "CGV\ub3d9\ud0c4\uc5ed": ["0265", "02"], "CGV\ubc30\uace7": ["0226", "02"], "CGV\ubc94\uacc4": ["0155", "02"], "CGV\ubd80\ucc9c": ["0015", "02"], "CGV\ubd80\ucc9c\uc5ed": ["0194", "02"], "CGV\ubd81\uc218\uc6d0": ["0049", "02"], "CGV\uc0b0\ubcf8": ["0242", "02"], "CGV\uc11c\ud604": ["0196", "02"], "CGV\uc18c\ud48d": ["0143", "02"], "CGV\uc218\uc6d0": ["0012", "02"], "CGV\uc2a4\ud0c0\ud544\ub4dc\uc2dc\ud2f0\uc704\ub840": ["0274", "02"], "CGV\uc2dc\ud765": ["0073", "02"], "CGV\uc548\uc0b0": ["0211", "02"], "CGV\uc548\uc131": ["0279", "02"], "CGV\uc57c\ud0d1": ["0003", "02"], "CGV\uc5ed\uace1": ["0029", "02"], "CGV\uc624\ub9ac": ["0004", "02"], "CGV\uc6a9\uc778": ["0271", "02"], "CGV\uc758\uc815\ubd80": ["0113", "02"], "CGV\uc758\uc815\ubd80\ud0dc\ud765": ["0187", "02"], "CGV\uc774\ucc9c": ["0205", "02"], "CGV\uc77c\uc0b0": ["0054", "02"], "CGV\uc8fd\uc804": ["0055", "02"], "CGV\ud30c\uc8fc\ubb38\uc0b0": ["0148", "02"], "CGV\ud310\uad50": ["0181", "02"], "CGV\ud3c9\ucd0c": ["0195", "02"], "CGV\ud3c9\ud0dd": ["0052", "02"], "CGV\ud3c9\ud0dd\uc18c\uc0ac": ["0214", "02"], "CGV\ud654\uc815": ["0145", "02"], "CGV\uacc4\uc591": ["0043", "202"], "CGV\ub0a8\uc8fc\uc548": ["0198", "202"], "CGV\ubd80\ud3c9": ["0021", "202"], "CGV\uc5f0\uc218\uc5ed": ["0247", "202"], "CGV\uc778\ucc9c": ["0002", "202"], "CGV\uc778\ucc9c\uacf5\ud56d": ["0118", "202"], "CGV\uc778\ucc9c\ub17c\ud604": ["0254", "202"], "CGV\uc778\ucc9c\uc5f0\uc218": ["0258", "202"], "CGV\uc8fc\uc548\uc5ed": ["0027", "202"], "CGV\uccad\ub77c": ["0235", "202"], "CGV\uac15\ub989": ["0139", "12"], "CGV\uc6d0\uc8fc": ["0144", "12"], "CGV\uc778\uc81c": ["0281", "12"], "CGV\ucd98\ucc9c": ["0070", "12"], "CGV\ucd98\ucc9c\uba85\ub3d9": ["0189", "12"], "CGV\ub2f9\uc9c4": ["0207", "205"], "CGV\ub300\uc804": ["0007", "03"], "CGV\ub300\uc804\uac00\uc624": ["0154", "03"], "CGV\ub300\uc804\ud0c4\ubc29": ["0202", "03"], "CGV\ub300\uc804\ud130\ubbf8\ub110": ["0127", "03"], "CGV\ubcf4\ub839": ["0275", "205"], "CGV\uc11c\uc0b0": ["0091", "205"], "CGV\uc138\uc885": ["0219", "205"], "CGV\uc720\uc131\ub178\uc740": ["0206", "03"], "CGV\uc720\uc131\uc628\ucc9c": ["0209", "03"], "CGV\ucc9c\uc548": ["0044", "205"], "CGV\ucc9c\uc548\ud130\ubbf8\ub110": ["0293", "205"], "CGV\ucc9c\uc548\ud39c\ud0c0\ud3ec\ud2b8": ["0110", "205"], "CGV\uccad\uc8fc(\uc11c\ubb38)": ["0228", "205"], "CGV\uccad\uc8fc\uc131\uc548\uae38": ["0297", "205"], "CGV\uccad\uc8fc\uc728\ub7c9": ["0282", "205"], "CGV\uccad\uc8fc\uc9c0\uc6f0\uc2dc\ud2f0": ["0142", "205"], "CGV\uccad\uc8fc\ud130\ubbf8\ub110": ["0294", "205"], "CGV\ucda9\ubd81\ud601\uc2e0": ["0284", "205"], "CGV\ud64d\uc131": ["0217", "205"], "CGV\ub300\uad6c": ["0058", "11"], "CGV\ub300\uad6c\uc218\uc131": ["0157", "11"], "CGV\ub300\uad6c\uc2a4\ud0c0\ub514\uc6c0": ["0108", "11"], "CGV\ub300\uad6c\uc544\uce74\ub370\ubbf8": ["0185", "11"], "CGV\ub300\uad6c\uc6d4\uc131": ["0216", "11"], "CGV\ub300\uad6c\uc774\uc2dc\uc544": ["0117", "11"], "CGV\ub300\uad6c\uce60\uace1": ["0071", "11"], "CGV\ub300\uad6c\ud55c\uc77c": ["0147", "11"], "CGV\ub300\uad6c\ud604\ub300": ["0109", "11"], "CGV\ub0a8\ud3ec": ["0065", "05"], "CGV\ub300\uc5f0": ["0061", "05"], "CGV\ub300\ud55c": ["0151", "05"], "CGV\ub3d9\ub798": ["0042", "05"], "CGV\uc11c\uba74": ["0005", "05"], "CGV\uc13c\ud140\uc2dc\ud2f0": ["0089", "05"], "CGV\uc544\uc2dc\uc544\ub4dc": ["0160", "05"], "CGV\uc6b8\uc0b0\uc0bc\uc0b0": ["0128", "207"], "CGV\uc6b8\uc0b0\uc9c4\uc7a5": ["0246", "207"], "CGV\uc815\uad00": ["0238", "05"], "CGV\ud558\ub2e8": ["0245", "05"], "CGV\ud574\uc6b4\ub300": ["0253", "05"], "CGV\ud654\uba85": ["0159", "05"], "\uc528\ub124\ub4dc\uc250\ud504\uc13c\ud140\uc2dc\ud2f0": ["P004", "05"], "CGV\uac70\uc81c": ["0263", "204"], "CGV\uad6c\ubbf8": ["0053", "204"], "CGV\uae40\ucc9c\uc728\uace1": ["0240", "204"], "CGV\uae40\ud574": ["0028", "204"], "CGV\uae40\ud574\uc7a5\uc720": ["0239", "204"], "CGV\ub9c8\uc0b0": ["0033", "204"], "CGV\ubd81\ud3ec\ud56d": ["0097", "204"], "CGV\uc548\ub3d9": ["0272", "204"], "CGV\uc591\uc0b0\ubb3c\uae08": ["0222", "204"], "CGV\ucc3d\uc6d0": ["0023", "204"], "CGV\ucc3d\uc6d0\ub354\uc2dc\ud2f0": ["0079", "204"], "CGV\ud1b5\uc601": ["0156", "204"], "CGV\ud3ec\ud56d": ["0045", "204"], "CGV\uad11\uc591": ["0220", "04"], "CGV\uad11\uc591\uc5d8\uc5d0\ud504\uc2a4\ud018\uc5b4": ["0221", "04"], "CGV\uad11\uc8fc\uae08\ub0a8\ub85c": ["0295", "206"], "CGV\uad11\uc8fc\uc0c1\ubb34": ["0193", "206"], "CGV\uad11\uc8fc\uc6a9\ubd09": ["0210", "206"], "CGV\uad11\uc8fc\ucca8\ub2e8": ["0218", "206"], "CGV\uad11\uc8fc\ucda9\uc7a5\ub85c": ["0244", "206"], "CGV\uad11\uc8fc\ud130\ubbf8\ub110": ["0090", "206"], "CGV\uad11\uc8fc\ud558\ub0a8": ["0215", "206"], "CGV\uad70\uc0b0": ["0277", "04"], "CGV\ub098\uc8fc": ["0237", "04"], "CGV\ubaa9\ud3ec": ["0289", "04"], "CGV\ubaa9\ud3ec\ud3c9\ud654\uad11\uc7a5": ["0280", "04"], "CGV\uc11c\uc804\uc8fc": ["0225", "04"], "CGV\uc21c\ucc9c": ["0114", "04"], "CGV\uc21c\ucc9c\uc2e0\ub300": ["0268", "04"], "CGV\uc5ec\uc218\uc6c5\ucc9c": ["0208", "04"], "CGV\uc775\uc0b0": ["0020", "04"], "CGV\uc804\uc8fc\uace0\uc0ac": ["0213", "04"], "CGV\uc804\uc8fc\ud6a8\uc790": ["0179", "04"], "CGV\uc815\uc74d": ["0186", "04"], "CGV\uc81c\uc8fc": ["0121", "06"], "CGV\uc81c\uc8fc\ub178\ud615": ["0259", "06"]}